{
    "counter": {
        "ACTIVE": 38,
        "INACTIVE": 13,
        "INVALID": 10,
        "MALICIOUS": 0,
        "SANE": 0,
        "VALID": 0,
        "total": 61
    },
    "percentage": {
        "ACTIVE": 62.295081967213115,
        "INACTIVE": 22.033898305084747,
        "INVALID": 17.24137931034483,
        "MALICIOUS": 0,
        "SANE": 0,
        "VALID": 0,
        "total": 101.57035958264268
    }
}