{
    "counter": {
        "ACTIVE": 36,
        "INACTIVE": 0,
        "INVALID": 3,
        "MALICIOUS": 0,
        "SANE": 0,
        "VALID": 0,
        "total": 39
    },
    "percentage": {
        "ACTIVE": 92.3076923076923,
        "INACTIVE": 0,
        "INVALID": 8.108108108108109,
        "MALICIOUS": 0,
        "SANE": 0,
        "VALID": 0,
        "total": 100.41580041580042
    }
}