{
    "counter": {
        "ACTIVE": 36,
        "INACTIVE": 1,
        "INVALID": 0,
        "MALICIOUS": 0,
        "SANE": 0,
        "VALID": 0,
        "total": 37
    },
    "percentage": {
        "ACTIVE": 97.29729729729729,
        "INACTIVE": 4.545454545454546,
        "INVALID": 0,
        "MALICIOUS": 0,
        "SANE": 0,
        "VALID": 0,
        "total": 101.84275184275184
    }
}